,a,b,c
0,0.0,-5.0,-9.0
1,0.314421909191206,-4.997527860428107,-8.775454812336749
2,0.6285329004448194,-4.990113886302056,-8.542231965032327
3,0.9420223632762625,-4.977765408973373,-8.300562081858688
4,1.2545803018029602,-4.960494639305843,-8.050684139488444
5,1.5658976412855765,-4.938318655600717,-7.792845231181386
6,1.8756665337583713,-4.911259386708741,-7.527300322444873
7,2.183580662446454,-4.87934359034568,-7.254311998909707
8,2.4893355446689163,-4.842602826632799,-6.974150206670798
9,2.7926288329283007,-4.801073426888448,-6.6870919853493955
10,3.0931606138886885,-4.754796457701627,-6.393421194140846
11,3.390633704946752,-4.703817680323055,-6.093428231118773
12,3.684753948102499,-4.648187505413885,-5.787409746073244
13,3.975230500839129,-4.5879609431968325,-5.475668347166908
14,4.261776123724353,-4.52319754905899,-5.158512301699135
15,4.544107464448774,-4.453961364660142,-4.836255231274113
16,4.821945338020477,-4.380320854604792,-4.509215801674291
17,5.095015002838732,-4.302348838740539,-4.177717407745857
18,5.363046432373824,-4.220122420149751,-3.8420878536078766
19,5.625774582184371,-4.133722908905732,-3.502659028501258
20,5.88293965200805,-4.043235741668775,-3.15976657859816
21,6.134287342666617,-3.9487503972016302,-2.8137495750963017
22,6.379569107531118,-3.850360307887906,-2.4649501789264487
23,6.61854239829868,-3.748162767340913,-2.113713302404567
24,6.8509709048378085,-3.6422588341943047,-1.7603862681632823
25,7.076624788865043,-3.5327532321696618,-1.4053184656998612
26,7.295280911221884,-3.4197542465198283,-1.0488610058803713
27,7.506723052527243,-3.3033736169504073,-0.6913663737416629
28,7.710742126987247,-3.183726427125303,-0.3331880799344731
29,7.907136389150937,-3.0609309908655686,0.025319688847632804
30,8.09571163340744,-2.935108735154093,0.38380242010784027
31,8.27628138602731,-2.806384080061826,0.7419056261078305
32,8.448667089558178,-2.6748843157142588,1.0992751944050578
33,8.612698279392308,-2.5407394764198465,1.455557738018892
34,8.768212752331536,-2.404082212084824,1.810400944879392
35,8.915056726982838,-2.2650476570415714,2.1634539262131582
36,9.053084995825966,-2.12377329642024,2.5143675635217453
37,9.18216106880274,-1.9803988301957844,2.8627948538095063
38,9.302157308286041,-1.835066035044827,3.2083912527195406
39,9.412955055295031,-1.6879186241489625,3.5508150152383897
40,9.514444746831765,-1.5391021050831397,3.889727533632585
41,9.60652602422321,-1.3887636359296534,4.22479367228287
42,9.689107832361495,-1.2370518797600125,4.555682099085024
43,9.762108509744296,-1.0841168576285962,4.882065613089534
44,9.825455869226277,-0.9301098002234611,5.203621468056164
45,9.879087269401781,-0.7751829983209901,5.520031691603464
46,9.922949676548136,-0.6194896521922761,5.830983399637598
47,9.956999717068376,-0.4631837201101371,6.136169105749617
48,9.981203720381464,-0.3064197661065819,6.435287025275176
49,9.995537752217638,-0.14935280713126695,6.728041373716066
50,9.999987638285974,0.00786184023792207,7.014142659228441
51,9.994548978290693,0.16506871338056706,7.293307968888506
52,9.979227150282433,0.32211235736384025,7.5652612484526145
53,9.954037305340126,0.47883747866501847,7.829733575335121
54,9.91900435258877,0.6350890987343927,8.086463424534045
55,9.87416293456789,0.7907127072467033,8.335196927241588
56,9.819557392975067,0.9455544148895809,8.575688121883791
57,9.755241724818388,1.099461105537888,8.80769919734107
58,9.681279529021188,1.2522805876634913,9.031000728109117
59,9.597743943531892,1.4038617448307456,9.245371901167665
60,9.504717573001116,1.554054685128855,9.45060073433272
61,9.40229240709759,1.7027108893933676,9.646484285876374
62,9.290569729543629,1.849683358070215,9.832828855206927
63,9.169660017960135,1.9948267565770805,10.00945017441084
64,9.039682834620162,2.137997559018345,10.176173590467133
65,8.900766708219061,2.2790541901115042,10.33283423795405
66,8.75304900677813,2.4178571651847216,10.47927720207719
67,8.596675801807454,2.554269228107042,10.615357671857893
68,8.431801723862225,2.688155487014936,10.74094108333044
69,8.258589809635433,2.8193835477008884,10.855903252606401
70,8.07721134073807,2.9478236445321953,10.960130498674602
71,7.887845674326314,3.0733487687704613,11.053519755815252
72,7.6906800657431695,3.1958347941649237,11.13597867551708
73,7.485909483349906,3.315160599695433,11.207425717796713
74,7.273736415730489,3.4312081893436677,11.267790231829943
75,7.054370671459534,3.54386280877419,11.317012525815215
76,6.828029171631891,3.653013058809943,11.35504392600022
77,6.594935735358961,3.758551005589965,11.38184682481321
78,6.355320858443845,3.860372287300429,11.397394718051464
79,6.109421485454231,3.9583762173734263,11.401672231090128
80,5.857480775418397,4.0524658840514585,11.394675134085503
81,5.599747861375954,4.14254824621921,11.376410346157748
82,5.336477604021226,4.228534225407779,11.34689592854886
83,5.067930339682729,4.310338793880456,11.306161066762732
84,4.794371622888099,4.387881058712887,11.254246041704867
85,4.516071963768954,4.4610843417845185,11.1912021898504
86,4.233306560565345,4.5298762556022,11.117091852479701
87,3.946355027494411,4.59418877488098,11.03198831403185
88,3.655501118252195,4.653958303811309,10.935975729636892
89,3.3610324454221625,4.709125738946124,10.829149041898535
90,3.063240196067838,4.7596365276456325,10.711613887009625
91,2.762418843790745,4.805440722022014,10.583486490293145
92,2.4588658575385054,4.846493028330677,10.444893551272173
93,2.152881407450908,4.882752851759246,10.295972118382279
94,1.8447680680349254,4.914184336569974,10.136869453450402
95,1.5348305189621665,4.940756401555897,9.967742886074133
96,1.223375243784573,4.9624427707756755,9.788759658045416
97,0.9107102268664109,4.979221999536698,9.600096757972544
98,0.5971446488321034,4.991077495600804,9.40194074626392
99,0.2829885808311828,4.997997535591608,9.194487570646722
100,-0.031447322077359986,4.99997527658723,8.977942372402861
101,-0.3458521281181678,4.997008762886957,8.752519283513806
102,-0.6599149362662022,4.989100927945154,8.518441214914935
103,-0.9733251836830219,4.9762595914704955,8.275939636068776
104,-1.2857729528186848,4.958497451693404,8.025254346075048
105,-1.5969492778754906,4.935832072809329,7.766633236543948
106,-1.9065464503306404,4.908285867610291,7.5003320464670775
107,-2.2142583232155886,4.875886075321861,7.2266141093284375
108,-2.5197806138512475,4.8386647346674945,6.945750092705618
109,-2.822811204739715,4.796658652186851,6.658017730618532
110,-3.1230504423148915,4.749909365839436,6.36370154889056
111,-3.420201433256682,4.698463103929543,6.063092583793499
112,-3.713970338075679,4.6423707393931295,5.7564880942546575
113,-4.004066661678035,4.581687739491817,5.444191267910646
114,-4.2902035406232635,4.516474110963761,5.126510921298487
115,-4.572098026790788,4.446794340685653,4.803761194480622
116,-4.849471367174873,4.372717331904472,4.476261240405638
117,-5.122049279531141,4.294316336102131,4.144334909312037
118,-5.3895622236021605,4.2116688805603095,3.8083104284870455
119,-5.651745667653922,4.124856691697152,3.468520077697129
120,-5.908340350059578,4.033965614251622,3.125299860611216
121,-6.159092535671792,3.9390855263954356,2.7789891725415297
122,-6.4037542667302585,3.840310250856499,2.429930464830517
123,-6.642083608056137,3.7377374621417694,2.078468906215888
124,-6.873844886291098,3.631468589951237,1.724952041508459
125,-7.098808922944283,3.5216087188785834,1.3697294479204523
126,-7.31675326101678,3.4082664844976662,1.0131523893840537
127,-7.527462384979547,3.2915539659375948,0.6555734692019888
128,-7.730727933887175,3.17158657505264,0.29734628137372976
129,-7.9263489074168465,3.0484829422965354,-0.061174939058028954
130,-8.114131864628654,2.922364799414078,-0.4196356662947167
131,-8.293891115250824,2.7933568590659625,-0.777681434356845
132,-8.465448903300604,2.661586691505961,-1.1349581875996932
133,-8.628635582859307,2.527184598432326,-1.491112630823328
134,-8.783289785827684,2.390283484138183,-1.8457925786306495
135,-8.929258581495684,2.251018724088368,-2.198647303687916
136,-9.066397627768893,2.109528031052597,-2.5493278835435507
137,-9.19457131390205,1.965951318927398,-2.89748754566212
138,-9.31365289459854,1.820430564381421,-3.2427820103324203
139,-9.423524615343187,1.673109666461008,-3.584869831110416
140,-9.524077828844511,1.5241343042947697,-3.923412732460572
141,-9.615213102471253,1.3736517930379166,-4.258075944261627
142,-9.696840316576875,1.221810938198836,-4.588528532845909
143,-9.768878753614924,1.0687618884918824,-4.914443728245058
144,-9.831257177957042,0.9146559873619363,-5.235499247318444
145,-9.883913906334726,0.7596456233275797,-5.551377612444666
146,-9.926796868835202,0.603884079290806,-5.861766465461191
147,-9.959863660391044,0.44752538096233646,-6.1663588765415245
148,-9.983081582712682,0.2907241445523812,-6.464853647704591
149,-9.9964276766223,0.13363542387752494,-6.756955610656064
150,-9.99988874475714,-0.023585442965156564,-7.04237591866728
151,-9.993461364619808,-0.1807829872050926,-7.320832332203033
152,-9.977151891962615,-0.3378017631343908,-7.592049498015734
153,-9.950976454502662,-0.4944865018212447,-7.8557592214301035
154,-9.914960935973848,-0.6506822646485355,-8.111700731549059
155,-9.869140950531602,-0.8062345965257599,-8.359620939118487
156,-9.813561807535597,-0.9609896786228598,-8.599274686796065
157,-9.748278466745344,-1.1147944804748826,-8.830424991576528
158,-9.673355483972903,-1.2674969113070218,-9.052843279133672
159,-9.588866947246498,-1.4189459704304834,-9.266309609847418
160,-9.494896403548136,-1.5689918965603897,-9.470612896292398
161,-9.391536776197679,-1.717486315908114,-9.665551111972981
162,-9.278890272965095,-1.8642823889015419,-9.850931491098342
163,-9.157068285001696,-2.009234955388252,-10.02657071920004
164,-9.026191276690342,-2.152200678177988,-10.192295114403619
165,-8.88638866652356,-2.293038184782453,-10.347940799174907
166,-8.73779869912729,-2.4316082072123297,-10.493353862371295
167,-8.58056830855688,-2.5677737196932555,-10.628390511437676
168,-8.414852973000503,-2.701400074164533,-10.752917214596513
169,-8.240816561033645,-2.832355133426669,-10.866810832891556
170,-8.058631169576696,-2.9605094018060023,-10.96995874195449
171,-7.868476953715903,-3.0857361532072742,-11.062258943374225
172,-7.670541948555989,-3.2079115564274407,-11.143620165558584
173,-7.465021883280526,-3.326914797606894,-11.213961953988777
174,-7.252119987603978,-3.4426281996969585,-11.27321475077731
175,-7.032046790806841,-3.55493733882551,-11.321319963450707
176,-6.80501991355253,-3.6637311574456954,-11.358230022889023
177,-6.5712638526918905,-3.7689020741558457,-11.383908430364846
178,-6.331009759268216,-3.870346090081952,-11.398329793635265
179,-6.084495209942179,-3.9679628917175713,-11.401479852051153
180,-5.83196397206274,-4.061655950119427,-11.393355490658886
181,-5.573665762616425,-4.151332616360603,-11.373964743280583
182,-5.3098560012932055,-4.23690421314698,-11.343326784569808
183,-5.0407955579132535,-4.318286122506301,-11.30147191105062
184,-4.766750494464279,-4.395397869463143,-11.248441511158653
185,-4.4879918020046246,-4.4681632016170605,-11.184288024313947
186,-4.204795132692151,-4.53651016454522,-11.109074889065901
187,-3.917440527203979,-4.600371172954955,-11.022876480361704
188,-3.626212137816673,-4.659683077515869,-10.925778036000235
189,-3.331397947420585,-4.714387227305419,-10.817875572344164
190,-3.0332894847462732,-4.764429527806232,-10.69927578937361
191,-2.732181536084663,-4.809760494397773,-10.570095965175257
192,-2.4283718537858734,-4.850335301289503,-10.430463839971218
193,-2.122160861825087,-4.8861138258471275,-10.28051748980239
194,-1.8138513587265161,-4.9170606882680925,-10.120405189991128
195,-1.50374821813937,-4.9431452865671135,-9.950285268518364
196,-1.1921580873617426,-4.964341826837119,-9.770325949460032
197,-0.8793890841106189,-4.9806293487557145,-9.580705186637719
198,-0.5657504918379272,-4.991991746311915,-9.381610487647997
199,-0.2515524538937684,-4.998417783732669,-9.173238728444442
200,0.06289433316067027,-4.999901106593416,-8.95579595865568
201,0.37727892678716723,-4.9964402481017,-8.729497197832043
202,0.6912904459478347,-4.988038630547614,-8.49456622282222
203,1.0046183785216714,-4.974704561919644,-8.25123534649019
204,1.3169528883562307,-4.956451227689278,-7.999745187991338
205,1.6279851216509407,-4.93329667777246,-7.740344434834769
206,1.9374075123689676,-4.905263808680841,-7.473289596967238
207,2.24491408637572,-4.872380340880417,-7.198844753121746
208,2.550200764003101,-4.834678791379992,-6.917281289681815
209,2.8529656607404883,-4.792196441576545,-6.628877632319438
210,3.152909385755018,-4.744975300389295,-6.333918970672219
211,3.4497353379459006,-4.693062062718948,-6.032696976331975
212,3.743149999240179,-4.636508063273164,-5.725509514423569
213,4.032863224839805,-4.575369225803932,-5.412660349059214
214,4.318588530132969,-4.509706007807049,-5.094458842959609
215,4.600043373986099,-4.439583340738368,-4.771219651538793
216,4.876949438136338,-4.365070565805943,-4.443262411755261
217,5.149032902408122,-4.286241365401586,-4.110911426037169
218,5.416024715481898,-4.203173690239591,-3.774495341593937
219,5.6776608609470705,-4.115949682274729,-3.4343468254315628
220,5.933682618376198,-4.024655593475676,-3.0908022353928786
221,6.183836819162149,-3.9293817005342757,-2.744201287548191
222,6.4278760968653845,-3.8302222155948935,-2.3948867202650392
223,6.665559131823714,-3.7272751930921832,-2.0432039552893295
224,6.896650889782615,-3.6206424327894027,-1.6895007561730946
225,7.120922854310247,-3.510429379113117,-1.3341268843864382
226,7.338153252767271,-3.3967450168838518,-0.9774337534538438
227,7.5481272756079845,-3.27970176354584,-0.6197740814569235
228,7.750637288796014,-3.159415358002362,-0.2615015422470419
229,7.945483039124431,-3.0360047461666624,0.0970295842871094
230,8.132471852237325,-2.9095919633415783,0.4554647625512862
231,8.311418823156933,-2.78030201354424,0.8134495518302218
232,8.482146999128018,-2.648262745895107,1.17062995677842
233,8.644487554598646,-2.513604728193612,1.5266527774705505
234,8.798279958164292,-2.376461117805452,1.88116595866519
235,8.943372131310268,-2.2369675299891396,2.2338189379367357
236,9.079620598795458,-2.0952619037920535,2.5842629923311238
237,9.20689063052863,-1.9514843656486303,2.932151583202506
238,9.32505637479707,-1.8057770908155113,3.2771406988900287
239,9.434000982715808,-1.6582841627806997,3.6188891948958073
240,9.53361672377429,-1.509151430785787,3.9570591312275867
241,9.623805092366334,-1.358526365602065,4.291316106572717
242,9.704476905197968,-1.2065579137032014,4.621329588972815
243,9.77555238947686,-1.0533963499786354,4.946773242672258
244,9.8369612617961,-0.8991931291334017,5.267325250817147
245,9.888642797634354,-0.7441007359212506,5.582668633685798
246,9.930545891403677,-0.5882725343591971,5.892491562136018
247,9.962629106985544,-0.4318626160726449,6.196487665959119
248,9.984860718705225,-0.27502564792097145,6.494356336835908
249,9.997218742703888,-0.11791671905428927,6.785803025595
250,9.99969095867747,0.039308812447337665,7.070539533479437
251,9.992274921960794,0.19649547320065452,7.348284297133734
252,9.974977965944998,0.35348782825996816,7.618762667029441
253,9.947817194825854,0.5101306348199166,7.881707179053947
254,9.910819466690198,0.666268995728196,8.13685781899389
255,9.864021366957147,0.8217485126565252,8.38396227965175
256,9.807469172200399,0.9764154387783459,8.622776210341302
257,9.741218804387364,1.1301168308022425,8.85306345851519
258,9.665335775580415,1.2827007002108237,9.074596303285773
259,9.57989512315489,1.4340161635554511,9.287155680608233
260,9.484981335597958,1.5839135916582063,9.490531399903341
261,9.380688268961663,1.7322447575736115,9.684522351905665
262,9.267119054052854,1.8788629831636563,9.86893670753158
263,9.14438599445166,2.0236232841413644,10.043592107570618
264,9.012610455459448,2.1663825134393404,10.208315843012427
265,8.871922744086042,2.306999502761585,10.362945025831081
266,8.722461980194872,2.445335202178577,10.507326750057848
267,8.564375958933466,2.5812528176276373,10.641318242983175
268,8.397821004585404,2.7146179461824915,10.764787006338267
269,8.2229618159881,2.845298708958415,10.877610947316818
270,8.03997130366941,2.97316588152143,10.97967849930716
271,7.8490304188640465,3.098093021672642,11.07088873221559
272,7.6503279745789,3.2199565944813413,11.151151452271645
273,7.4440604588842,3.3386360944432365,11.220387291216767
274,7.230431840615102,3.4540141646430493,11.27852778478806
275,7.009653367675982,3.565976712803547,11.325515440419572
276,6.78194335814667,3.674413024106377,11.361303794094146
277,6.547526984397354,3.7792158706730583,11.385857456289653
278,6.306636050425575,3.880281617597894,11.39915214697411
279,6.059508762635496,3.9775103254279442,11.401174719615147
280,5.806389494286068,4.070805848988759,11.391923174180015
281,5.547528543841182,4.1600759324580645,11.371406659113342
282,5.283181887460523,4.245232300593487,11.339645462290642
283,5.0136109258760655,4.326190746024039,11.296670990956517
284,4.739082225904435,4.402871212519072,11.242525740667435
285,4.459867256850762,4.4751978741523395,11.177263253269745
286,4.176242122064685,4.5430992102829055,11.10094806395451
287,3.8884872859138886,4.606508076278767,11.013655637441502
288,3.596887296445368,4.665361769913185,10.915472293355489
289,3.301730504008376,4.719602093368163,10.806495120868556
290,3.003308776117511,4.769175410783701,10.68683188269292
291,2.701917208837825,4.814032701295921,10.556600908519137
292,2.397853834977361,4.854129607511638,10.415930978005102
293,2.0914193293756895,4.889426479371424,10.264961193431544
294,1.7829167115797728,4.919888413357806,10.103840842149891
295,1.4726510462014222,4.945485287009806,9.932729248958646
296,1.1609291412523106,4.966191788709715,9.751795618554103
297,0.8480592447550974,4.981987442712632,9.561218868211308
298,0.5343507399305771,4.99285662939403,9.361187450860657
299,0.2201138392622936,4.998788600695303,9.15189916873515
300,-0.09434072225895224,4.999777490752055,8.933560977772432
301,-0.4087019944071032,4.995822321694589,8.706388782965288
302,-0.7226591192058601,4.9869270046148815,8.470607224862684
303,-1.0359016383223858,4.973100335699075,8.226449457432665
304,-1.3481198000658376,4.954355987529318,7.974156917506688
305,-1.6590048656871317,4.930712495563557,7.713979086033411
306,-1.9682494146770373,4.9021932398066355,7.446173241378018
307,-2.27554764876081,4.8688264216908355,7.171004204910936
308,-2.5805956942884913,4.830645036188741,6.8887440791377905
309,-2.8830919027222097,4.787686839185955,6.599671978629173
310,-3.1827371489230796,4.739994310145978,6.3040737540166045
311,-3.479235126942836,4.687614610104138,6.002241709327464
312,-3.7722926430276815,4.630599535032133,5.694474312938462
313,-4.06161990554471,4.56900546461927,5.3810759024333885
314,-4.3469308115439445,4.502893306521095,5.062356383657209
315,-4.62794322967298,4.432328436130496,4.7386309242638065
316,-4.904379279164198,4.357380631930864,4.410219642060616
317,-5.17596560461878,4.278124006495235,4.077447288458277
318,-5.442433646315788,4.194636933199638,3.740642927338296
319,-5.703519905779,4.107001968723131,3.4001396096563363
320,-5.958966206338965,4.015305771411133,3.0562740441027634
321,-6.208519948432426,3.9196390155828325,2.7093862641464
322,-6.451934359386926,3.82009630186735,2.359819291790381
323,-6.688968737443389,3.7167760636573526,2.007918798372863
324,-6.919388689775459,3.6097804697726237,1.6540327627479021
325,-7.142966364270196,3.4992153234298335,1.2985111271845629
326,-7.359480674841023,3.3851899576183877,0.9417054513243821
327,-7.568717520049908,3.2678171269859013,0.5839685645396875
328,-7.770469994822877,3.1472128963400836,0.2256542170361362
329,-7.9645385950492855,3.0234965258773805,-0.13288326995521516
330,-8.15073141486262,2.8967903532518373,-0.4912893545505259
331,-8.328864336407733,2.7672196726007936,-0.8492096248039847
332,-8.498761211906855,2.634912610647056,-1.2062901491700977
333,-8.660254037844378,2.5000000000000067,-1.5621778264910526
334,-8.813183121098064,2.3626152497810655,-1.9165207351627265
335,-8.957397236852549,2.222894213701268,-2.268968481134502
336,-9.092753778138881,2.080975055721542,-2.6191725443984417
337,-9.21911889685225,1.9369981134284677,-2.966786623625332
338,-9.336367636108461,1.7911057592606385,-3.311466978606773
339,-9.444384053808282,1.6434422597228526,-3.652872770164663
340,-9.543061337287483,1.4941536327273062,-3.990666397192088
341,-9.632301908939123,1.3433875032029785,-4.324513830492024
342,-9.71201752270376,1.1912929571158297,-4.654084943084139
343,-9.782129351332083,1.0380203940442796,-4.979053836652755
344,-9.842568064333685,0.8837213784557103,-5.299099163813302
345,-9.893273896534932,0.7285484898310668,-5.613904445878532
346,-9.934196707178105,0.5726551717857129,-5.92315838581039
347,-9.965296029503365,0.41619558033587084,-6.226555176047788
348,-9.986541110764565,0.2593244314605109,-6.523794800906275
349,-9.997910942639262,0.10219684810956205,-6.814583333250271
350,-9.999394282002937,-0.055031793190320505,-7.098633225144633
351,-9.990989662046815,-0.21220601598073985,-7.375663592198102
352,-9.972705393728328,-0.3691703976153505,-7.645400491317461
353,-9.944559557552777,-0.5257697229504836,-7.907577191597814
354,-9.90657998569432,-0.6818491378304931,-8.16193443808091
355,-9.85880423447396,-0.837254302216226,-8.408220708120979
356,-9.801279547221768,-0.9918315428050606,-8.646192460104347
357,-9.734062807560028,-1.1454280049916474,-8.875614374276985
358,-9.657220483153552,-1.2978918040190681,-9.096259585441809
359,-9.570828559982713,-1.4490721751709976,-9.307909907295695
360,-9.474972467204303,-1.5988196228562193,-9.510356048184207
361,-9.369746992674385,-1.7469860684382488,-9.703397818060918
362,-9.255256189216784,-1.893424996663746,-9.88684432644649
363,-9.131613271729837,-2.037991600544978,-10.060514171191846
364,-8.998940505233184,-2.180542924553053,-10.224235617858724
365,-8.857369083965303,-2.320938005980322,-10.377846769540291
366,-8.707039001651284,-2.4590380143322013,-10.521195726953861
367,-8.548098913069268,-2.594706388610473,-10.654140738647339
368,-8.38070598705227,-2.7278089723524546,-10.776550341171006
369,-8.205025751070881,-2.85821414629239,-10.888303489075916
370,-8.021231927550442,-2.9857929585139287,-10.989289674610381
371,-7.829506262084644,-3.110419251964972,-11.0794090369962
372,-7.630038343715285,-3.231969789208839,-11.15857246117661
373,-7.423025417456104,-3.3503243742882804,-11.226701665938178
374,-7.20867218924586,-3.4653659715819805,-11.283729281319665
375,-6.987190623523682,-3.5769808215359062,-11.329598915231209
376,-6.758799733626796,-3.6850585531551032,-11.364265209217944
377,-6.523725365217913,-3.789492293144703,-11.387693883313004
378,-6.282199972956439,-3.8901787715921916,-11.399861769935452
379,-6.034462390634276,-3.98701842408649,-11.400756836799674
380,-5.7807575950037196,-4.079915490172769,-11.390378198813586
381,-5.521336463530712,-4.168778108045755,-11.368736118953858
382,-5.256455526313215,-4.253518405387805,-11.335851998117299
383,-4.98637671240992,-4.334052586261963,-11.291758353958478
384,-4.711367090830182,-4.410301013974056,-11.236498788734428
385,-4.431698606441278,-4.482188289821904,-11.170127946188323
386,-4.147647811054085,-4.549643327653781,-11.092711457514664
387,-3.8594955899533003,-4.612599424162341,-11.004325876459525
388,-3.567526884142328,-4.670994324844598,-10.905058603619905
389,-3.272030408577724,-4.72477028556264,-10.79500780001716
390,-2.9732983666717288,-4.773874129644267,-10.674282290029891
391,-2.6716261613452335,-4.818257300467041,-10.543001453782335
392,-2.367312102916815,-4.857875909473799,-10.401295109094608
393,-2.0606571141169407,-4.892690779572097,-10.249303383111632
394,-1.7519644325187023,-4.922667483874709,-10.087176573737567
395,-1.4415393106795928,-4.947776379742859,-9.91507500101286
396,-1.1296887142907357,-4.967992638098514,-9.73316884858084
397,-0.8167210186320711,-4.9832962679767645,-9.541637995400627
398,-0.5029457036336817,-4.993672136294002,-9.340671837872781
399,-0.18867304784468808,-4.9991099828123655,-9.130469102553539
400,0.1257861783873961,-4.999604430285627,-8.91123764964295
401,0.44012102022380484,-4.995154989776522,-8.683194267441078
402,0.7540206458240069,-4.985766061140232,-8.446564457975612
403,1.0671746537135827,-4.971446928673565,-8.20158221401291
404,1.3792733797265144,-4.952211751934125,-7.948489787672864
405,1.690008203218472,-4.928079551738544,-7.687537450876448
406,1.99907185224803,-4.899074191353649,-7.418983247862947
407,2.3061587074243888,-4.865224352899121,-7.143092740021345
408,2.610965104120872,-4.826563508985019,-6.860138743288424
409,2.913189632755464,-4.78312988961219,-6.570401058373118
410,3.212533436841432,-4.734966444368317,-6.274166194073969
411,3.5087005085132854,-4.682120799956965,-5.971727083963237
412,3.8013979812359504,-4.624645213101629,-5.663382796717767
413,4.090336419407445,-4.562596518871384,-5.3494382403832805
414,4.375230104569032,-4.4960360744791865,-5.030203860864214
415,4.655797317939562,-4.425029698608439,-4.705995334937496
416,4.931760618994738,-4.3496476063278,-4.377133258093723
417,5.20284711981577,-4.2699643396586096,-4.043942827514458
418,5.4687887549362575,-4.1860586938635596,-3.706753520499026
419,5.729322546420185,-4.0980136395295625,-3.3658987686590818
420,5.984190863909257,-4.005916240521792,-3.0217156282027453
421,6.233141679382158,-3.909857567890069,-2.674544446634613
422,6.4759288163739335,-3.809932609812728,-2.3247285262011577
423,6.712312193409023,-3.706240177667003,-1.97261378441429
424,6.94205806140721,-3.598882808318825,-1.6185484119888374
425,7.16493923482782,-3.4879666627286214,-1.262882528532045
426,7.3807353163233795,-3.373601420973469,-0.9059678363258783
427,7.58923291468088,-3.2559001737892834,-0.5481572725440946
428,7.790225855834905,-3.134979310740396,-0.1898046602482797
429,7.983515386744054,-3.010958405127051,0.16873564149214637
430,8.16891037192904,-2.8839600957446576,0.5271090880099445
431,8.346227482478163,-2.7541099656116783,0.8849612996336926
432,8.515291377333105,-2.621536417786166,1.241938412118074
433,8.675934876676006,-2.4863705483936274,1.5976874265646748
434,8.82799912724619,-2.3487460169918597,1.9518565584869858
435,8.971333759423137,-2.20879891440092,2.3040955856745393
436,9.105797035920354,-2.066667628128923,2.6540561945121857
437,9.231255991943115,-1.9224927055267553,3.0013923244120204
438,9.347586566671502,-1.776416714806977,3.3457605100174934
439,9.45467372593863,-1.6285841040644606,3.6868202208410112
440,9.552411575982864,-1.4791410584380187,4.024234197999571
441,9.640703468161503,-1.328235355554387,4.357668787715156
442,9.719462094522335,-1.1760162193974542,4.686794271250216
443,9.788609574138613,-1.0226341727472574,5.011285190951966
444,9.848077530122076,-0.8682408883346622,5.330820672083062
445,9.897807157237832,-0.7129890388588634,5.645084740120529
446,9.93774928005424,-0.5570321460161493,5.953766633208899
447,9.967864401570342,-0.400524428689042,6.256561109458963
448,9.988122742272692,-0.2436206504460661,6.553168748787964
449,9.998504269583004,-0.08647596650289095,6.8432962490029
450,9.998998717667488,0.07075422970379903,7.126656715834081
451,9.989605597588275,0.22791446017804612,7.402969946632275
452,9.970334197786903,0.38484931610988815,7.671962707448631
453,9.941203574899394,0.5414036115523018,7.933369003223719
454,9.902242534911988,0.6974225368777218,8.18693034081829
455,9.853489604676167,0.8527518118624439,8.432395984625716
456,9.794992993811166,1.0072378382475227,8.669523204513357
457,9.726810547031606,1.1607278516252972,8.898077515847659
458,9.649009686947394,1.3130700725014002,9.117832911365698
459,9.561667347392515,1.4641138563827438,9.328572084663698
460,9.464869897348528,1.6137098427432397,9.530086645081802
461,9.358713055538125,1.761710102719816,9.722177323772357
462,9.243301795773087,1.9079682853927384,9.90465417074809
463,9.118750243150346,2.052339762505558,10.077336742715246
464,8.985181561198681,2.194681771481643,10.240054281506035
465,8.842727830087787,2.334853556595732,10.392645882933767
466,8.691529916019997,2.4727165081610867,10.534960655903955
467,8.531737331933936,2.608134299594483,10.666857871623824
468,8.363508089657767,2.7409730222235447,10.788207102762819
469,8.187008543658285,2.871101317703115,10.898888352426406
470,8.002413226540334,2.998390507909715,10.998792172815723
471,7.809904676459187,3.1227147221856866,11.087819773455667
472,7.609673256616687,3.2439510218070797,11.165883118884423
473,7.401916967019445,3.3619795215523567,11.232905015707853
474,7.186841248685392,3.4766835082515852,11.288819188932628
475,6.964658780492225,3.587949556198936,11.333570347502642
476,6.735589268868677,3.6956676393143475,11.3671142389739
477,6.499859230536483,3.7997312399434806,11.389417693273803
478,6.257701768518073,3.9000374541882854,11.400458655501566
479,6.009356341631243,3.996487093664146,11.400226207737333
480,5.755068527698911,4.088984783582885,11.38872057983843
481,5.49508978070807,4.177439057064679,11.365953149212071
482,5.229677182158032,4.261762445585618,11.331946429564734
483,4.959093186843916,4.3418715654714575,11.286734048639364
484,4.683605363326624,4.417687200352071,11.230360714962366
485,4.403486129346209,4.489134379494992,11.162882173633331
486,4.119012482439941,4.5561424519406755,11.084365151201174
487,3.8304657260316888,4.61864515636611,10.99488728968118
488,3.5381311912633966,4.676580686607712,10.89453706977826
489,3.2422979548437163,4.729891752778711,10.78341372339228
490,2.9432585531928397,4.778525637920581,10.661627135492035
491,2.6413086931660823,4.822434250132533,10.529297735454817
492,2.336746959642541,4.861574170127443,10.386556377979177
493,2.0298745202676276,4.895906694167288,10.233544213688457
494,1.720994827641702,4.925397872335556,10.070412549553193
495,1.4104133192492023,4.950018542108818,9.897322699270315
496,1.0984371154250243,4.96974435719426,9.714445823747184
497,0.7853747156567179,4.984555811604659,9.521962761848089
498,0.4715356935230757,4.994438258946989,9.320063851570733
499,0.15723039057042631,4.999381926905592,9.108948741829362
500,-0.1572303905703963,4.999381926905592,8.888826195030788
501,-0.47153569352304575,4.994438258946989,8.659913880638449
502,-0.7853747156566879,4.98455581160466,8.422438159928706
503,-1.098437115424977,4.969744357194262,8.176633862152189
504,-1.4104133192491728,4.95001854210882,7.922744052321455
505,-1.7209948276416727,4.925397872335559,7.661019790854835
506,-2.0298745202675983,4.895906694167291,7.391719885313805
507,-2.336746959642512,4.861574170127446,7.115110634479645
508,-2.6413086931660534,4.822434250132536,6.831465565022328
509,-2.943258553192811,4.778525637920586,6.541065161022086
510,-3.2422979548436883,4.729891752778715,6.244196586611106
511,-3.538131191263385,4.676580686607715,5.941153402009518
512,-3.830465726031661,4.618645156366116,5.632235273236846
513,-4.1190124824398975,4.556142451940685,5.317747675785306
514,-4.403486129346183,4.489134379494998,4.998001592548668
515,-4.683605363326581,4.417687200352082,4.67331320630514
516,-4.959093186843889,4.3418715654714655,4.344003587057914
517,-5.229677182158006,4.261762445585625,4.010398374543522
518,-5.495089780708059,4.177439057064682,3.672827456220787
519,-5.755068527698887,4.088984783582894,3.331624641059987
520,-6.009356341631205,3.9964870936641606,2.987127329453646
521,-6.25770176851805,3.9000374541882947,2.6396761795762957
522,-6.499859230536447,3.7997312399434957,2.28961477052278
523,-6.7355892688686545,3.6956676393143573,1.937289262557785
524,-6.964658780492202,3.5879495561989465,1.5830480548135624
525,-7.186841248685383,3.4766835082515897,1.227241440773093
526,-7.401916967019425,3.361979521552368,0.8702212618806646
527,-7.609673256616656,3.2439510218070975,0.5123405596211166
528,-7.809904676459168,3.122714722185698,0.15395322641283915
529,-8.002413226540305,2.998390507909734,-0.20458634434069278
530,-8.187008543658278,2.8711013177031197,-0.5629236086951792
531,-8.363508089657751,2.7409730222235575,-0.9207042227580224
532,-8.53173733193391,2.6081342995945036,-1.27757439308363
533,-8.69152991601998,2.4727165081611,-1.6331812265240062
534,-8.842727830087764,2.3348535565957533,-1.9871730791890796
535,-8.985181561198669,2.194681771481657,-2.339199904172086
536,-9.118750243150327,2.0523397625055804,-2.688913597695185
537,-9.243301795773082,1.907968285392744,-3.0359683433342184
538,-9.358713055538114,1.7617101027198303,-3.380020953980985
539,-9.464869897348514,1.6137098427432623,-3.720731211206087
540,-9.561667347392506,1.4641138563827583,-4.057762201685788
541,-9.649009686947384,1.3130700725014233,-4.390780650360606
542,-9.726810547031599,1.160727851625312,-4.719457249996558
543,-9.79499299381116,1.0072378382475373,-5.043466986822245
544,-9.853489604676165,0.8527518118624499,-5.362489461920905
545,-9.902242534911982,0.6974225368777366,-5.676209208058462
546,-9.941203574899388,0.5414036115523255,-5.984316001635387
547,-9.9703341977869,0.3848493161099031,-6.286505169453005
548,-9.989605597588273,0.22791446017807,-6.582477889991265
549,-9.998998717667488,0.07075422970381404,-6.871941488900377
550,-9.998504269583005,-0.08647596650287596,-7.154609728413281
551,-9.988122742272692,-0.24362065044605996,-7.430203090393792
552,-9.967864401570344,-0.40052442868902705,-7.698449052739489
553,-9.937749280054245,-0.5570321460161255,-7.959082358866998
554,-9.897807157237837,-0.7129890388588487,-8.211845280012414
555,-9.848077530122085,-0.8682408883346386,-8.456487870087809
556,-9.788609574138615,-1.0226341727472514,-8.692768212842084
557,-9.71946209452234,-1.1760162193974397,-8.920452661081029
558,-9.640703468161517,-1.328235355554364,-9.139316067710917
559,-9.552411575982873,-1.4791410584380047,-9.34914200837642
560,-9.454673725938644,-1.628584104064438,-9.54972299547304
561,-9.347586566671515,-1.7764167148069632,-9.740860683322595
562,-9.231255991943133,-1.9224927055267336,-9.922366064308314
563,-9.105797035920357,-2.066667628128917,-10.094059655776302
564,-8.97133375942315,-2.2087989144009064,-10.255771677517837
565,-8.827999127246214,-2.348746016991839,-10.407342219657659
566,-8.67593487667602,-2.486370548393614,-10.54862140078172
567,-8.515291377333128,-2.6215364177861455,-10.679469516148252
568,-8.346227482478179,-2.754109965611666,-10.799757175835722
569,-8.168910371929067,-2.883960095744638,-10.909365432690697
570,-7.983515386744061,-3.010958405127046,-11.008185899949526
571,-7.790225855834923,-3.1349793107403845,-11.096120858417137
572,-7.589232914680911,-3.2559001737892657,-11.173083353097317
573,-7.380735316323399,-3.3736014209734577,-11.238997279178603
574,-7.164939234827853,-3.4879666627286046,-11.293797457290985
575,-6.942058061407232,-3.5988828083188147,-11.337429697958928
576,-6.712312193409044,-3.706240177666993,-11.369850855186918
577,-6.475928816373942,-3.8099326098127237,-11.391028869124662
578,-6.233141679382181,-3.909857567890059,-11.400942797769634
579,-5.984190863909296,-4.005916240521778,-11.399582837675705
580,-5.72932254642021,-4.098013639529554,-11.386950333647343
581,-5.468788754936298,-4.186058693863545,-11.36305777740979
582,-5.202847119815796,-4.269964339658602,-11.32792879525654
583,-4.931760618994764,-4.3496476063277925,-11.281598124686361
584,-4.655797317939573,-4.425029698608436,-11.224111580052888
585,-4.375230104569059,-4.49603607447918,-11.155526007260864
586,-4.090336419407489,-4.562596518871374,-11.075909227553716
587,-3.8013979812359784,-4.624645213101623,-10.985339970448106
588,-3.5087005085133303,-4.682120799956957,-10.883907795881854
589,-3.2125334368414435,-4.7349664443683155,-10.771713005651979
590,-2.913189632755493,-4.783129889612185,-10.648866544230778
591,-2.6109651041209183,-4.826563508985012,-10.515489889057664
592,-2.3061587074244176,-4.8652243528991175,-10.371714930415504
593,-1.9990718522480768,-4.899074191353644,-10.217683841010214
594,-1.6900082032185018,-4.928079551738541,-10.053548935382324
595,-1.379273379726562,-4.952211751934121,-9.879472519290012
596,-1.0671746537135949,-4.971446928673565,-9.695626729211932
597,-0.7540206458240367,-4.985766061140231,-9.50219336212924
598,-0.4401210202238526,-4.9951549897765215,-9.299363695754435
599,-0.12578617838742612,-4.999604430285627,-9.087338299385326
600,0.18867304784464028,-4.9991099828123655,-8.86632683557101
601,0.5029457036336518,-4.993672136294003,-8.636547852785649
602,0.8167210186320413,-4.983296267976765,-8.39822856931575
603,1.1296887142907237,-4.967992638098515,-8.151604648573821
604,1.441539310679563,-4.94777637974286,-7.896919966061455
605,1.7519644325186554,-4.922667483874713,-7.634426368211424
606,2.0606571141169114,-4.892690779572099,-7.364383423347941
607,2.3673121029167685,-4.857875909473805,-7.087058165011111
608,2.671626161345204,-4.818257300467045,-6.802724827899038
609,2.9732983666717,-4.7738741296442715,-6.5116645766894985
610,3.272030408577713,-4.724770285562642,-6.214165228008357
611,3.5675268841423,-4.670994324844602,-5.910520965820675
612,3.859495589953256,-4.61259942416235,-5.601032050524951
613,4.147647811054058,-4.549643327653786,-5.286004522038976
614,4.431698606441236,-4.482188289821915,-4.965749897170582
615,4.711367090830171,-4.410301013974059,-4.6405848615721865
616,4.9863767124098946,-4.33405258626197,-4.31083095658462
617,5.256455526313204,-4.253518405387808,-3.976814261278812
618,5.521336463530687,-4.168778108045763,-3.6388650700108927
619,5.7807575950036805,-4.079915490172782,-3.2973175658084326
620,6.034462390634252,-3.9870184240864988,-2.952509489911721
621,6.282199972956402,-3.8901787715922067,-2.604781807796491
622,6.523725365217904,-3.7894922931447073,-2.2544783720079407
623,6.758799733626775,-3.685058553155114,-1.9019455821404634
624,6.987190623523647,-3.5769808215359227,-1.5475320422981085
625,7.208672189245839,-3.465365971581992,-1.1915882163754974
626,7.4230254174560715,-3.350324374288298,-0.8344660814996869
627,7.630038343715265,-3.2319697892088506,-0.4765187799752457
628,7.829506262084615,-3.110419251964991,-0.11810027007775403
629,8.021231927550435,-2.985792958513933,0.24043502396022376
630,8.205025751070863,-2.858214146292402,0.5987325624232795
631,8.380705987052245,-2.7278089723524745,0.9564380407021176
632,8.54809891306925,-2.594706388610486,1.3131977396496008
633,8.70703900165126,-2.459038014332222,1.668658875357882
634,8.857369083965288,-2.3209380059803353,2.022469948011098
635,8.99894050523317,-2.180542924553067,2.3742810894676993
636,9.13161327172983,-2.0379916005449834,2.7237444092299112
637,9.255256189216771,-1.8934249966637597,3.070514338456973
638,9.369746992674369,-1.7469860684382712,3.414247971683169
639,9.474972467204292,-1.5988196228562335,3.7546054059017844
640,9.570828559982699,-1.4490721751710203,4.091250076680053
641,9.657220483153544,-1.2978918040190826,4.423849090973132
642,9.73406280756002,-1.145428004991662,4.752073556307023
643,9.801279547221766,-0.9918315428050667,5.075598906006116
644,9.858804234473954,-0.8372543022162409,5.394105220142535
645,9.906579985694313,-0.6818491378305168,5.707277541891089
646,9.944559557552775,-0.5257697229504985,6.014806188976045
647,9.972705393728326,-0.36917039761537435,6.316387059902153
648,9.990989662046815,-0.21220601598074598,6.611721934667427
649,9.999394282002937,-0.05503179319033551,6.9005187696594525
650,9.997910942639262,0.10219684810953816,7.182491986444652
651,9.986541110764565,0.2593244314604959,7.457362754164088
652,9.96529602950337,0.416195580335847,7.7248592652568835
653,9.934196707178108,0.572655171785698,7.984717004238933
654,9.89327389653494,0.728548489831043,8.236679009270336
655,9.842568064333687,0.8837213784557043,8.48049612625385
656,9.78212935133209,1.0380203940442652,8.71592725521214
657,9.712017522703771,1.1912929571158064,8.942739588701091
658,9.63230190893913,1.343387503202964,9.160708842022727
659,9.543061337287499,1.4941536327272833,9.36961947501036
660,9.444384053808292,1.6434422597228384,9.569264905166914
661,9.336367636108472,1.7911057592606245,9.759447711945054
662,9.219118896852255,1.936998113428462,9.93997983196781
663,9.092753778138894,2.0809750557215283,10.110682744995977
664,8.95739723685257,2.2228942137012466,10.271387650459044
665,8.813183121098078,2.362615249781052,10.421935634374549
666,8.660254037844403,2.4999999999999862,10.562177826491057
667,8.49876121190687,2.634912610647043,10.691975547499487
668,8.328864336407749,2.767219672600781,10.811200446166831
669,8.150731414862625,2.8967903532518324,10.919734626257135
670,7.964538595049303,3.023496525877369,11.017470763113776
671,7.770469994822907,3.147212896340065,11.104312209788151
672,7.568717520049928,3.26781712698589,11.180173092609552
673,7.359480674841055,3.3851899576183704,11.244978396101803
674,7.142966364270217,3.499215323429823,11.298664037162833
675,6.919388689775481,3.609780469772614,11.34117692843354
676,6.6889687374434,3.716776063657349,11.372475030793607
677,6.451934359386949,3.82009630186734,11.392527394932078
678,6.208519948432464,3.919639015582818,11.401314191951798
679,5.958966206338989,4.015305771411123,11.398826732977316
680,5.7035199057790384,4.107001968723118,11.38506747774694
681,5.4424336463157985,4.194636933199634,11.3600500321804
682,5.175965604618805,4.278124006495227,11.323799134924572
683,4.90437927916424,4.357380631930853,11.276350632890502
684,4.627943229673007,4.432328436130489,11.217751445805984
685,4.346930811543987,4.502893306521084,11.14805951981874
686,4.061619905544737,4.569005464619264,11.06734377019599
687,3.772292643027726,4.630599535032124,10.975684013177233
688,3.4792351269428465,4.687614610104135,10.873170887047436
689,3.182737148923108,4.739994310145973,10.759905762508927
690,2.883091902722255,4.787686839185949,10.636000642440287
691,2.5805956942885198,4.830645036188738,10.501578051141692
692,2.2755476487608566,4.86882642169083,10.356770913176094
693,1.9682494146770668,4.902193239806633,10.201722421925886
694,1.6590048656871614,4.930712495563555,10.036585897995412
695,1.3481198000658499,4.954355987529318,9.861524637598867
696,1.0359016383224158,4.9731003356990735,9.676711751084023
697,0.7226591192059078,4.98692700461488,9.48232999175092
698,0.4087019944071332,4.995822321694589,9.278571575135253
699,0.09434072225900002,4.999777490752055,9.065637988934999
700,-0.22011383926226363,4.998788600695303,8.843739793767961
701,-0.5343507399305472,4.992856629394031,8.613096414957871
702,-0.8480592447550852,4.981987442712633,8.373935925554179
703,-1.1609291412522806,4.9661917887097164,8.126494820800891
704,-1.472651046201375,4.945485287009809,7.871017784276694
705,-1.7829167115797433,4.919888413357809,7.607757445938235
706,-2.091419329375643,4.889426479371429,7.336974132305622
707,-2.397853834977349,4.85412960751164,7.058935609036807
708,-2.7019172088377963,4.814032701295925,6.773916816146208
709,-3.0033087761174655,4.769175410783708,6.482199596128449
710,-3.301730504008348,4.719602093368168,6.184072415256859
711,-3.5968872964453236,4.6653617699131935,5.879830078332021
712,-3.888487285913861,4.606508076278773,5.569773437162089
713,-4.176242122064641,4.543099210282916,5.254209093063999
714,-4.4598672568507505,4.475197874152342,4.933449093678691
715,-4.73908222590441,4.402871212519079,4.607810624401256
716,-5.013610925876025,4.326190746024051,4.277615694730075
717,-5.283181887460497,4.245232300593495,3.9431908198459418
718,-5.547528543841143,4.160075932458078,3.6048666977357398
719,-5.806389494286044,4.070805848988768,3.2629778821795528
720,-6.059508762635458,3.977510325427959,2.9178624519255054
721,-6.306636050425565,3.880281617597898,2.569861676378321
722,-6.547526984397331,3.7792158706730685,2.219319678133391
723,-6.781943358146635,3.674413024106393,1.8665830926888622
724,-7.009653367675961,3.5659767128035575,1.5120007256732304
725,-7.230431840615069,3.454014164643067,1.155923207926973
726,-7.444060458884181,3.3386360944432476,0.798702648778919
727,-7.650327974578881,3.2199565944813524,0.44069228786121784
728,-7.849030418864039,3.0980930216726463,0.08224614580593581
729,-8.039971303669391,2.9731658815214423,-0.2762813258299781
730,-8.222961815988072,2.8452987089584347,-0.6345355950664686
731,-8.397821004585387,2.7146179461825044,-0.9921624000812637
732,-8.564375958933443,2.5812528176276577,-1.3488080995236258
733,-8.722461980194856,2.44533520217859,-1.704120022214938
734,-8.871922744086028,2.3069995027615984,-2.0577468158893417
735,-9.012610455459445,2.166382513439346,-2.409338794630788
736,-9.144385994451648,2.0236232841413777,-2.758548284661673
737,-9.267119054052836,1.8788629831636785,-3.105029968142364
738,-9.380688268961652,1.7322447575736255,-3.4484412246406304
739,-9.484981335597942,1.583913591658229,-3.7884424699337473
740,-9.579895123154886,1.434016163555457,-4.124697491808599
741,-9.665335775580408,1.2827007002108382,-4.456873782526777
742,-9.741218804387353,1.1301168308022655,-4.784642867627069
743,-9.807469172200392,0.9764154387783607,-5.1076806307392255
744,-9.86402136695714,0.8217485126565488,-5.42566763408821
745,-9.910819466690194,0.6662689957282065,-5.738289434372364
746,-9.94781719482585,0.510130634819936,-6.04523689370221
747,-9.974977965944996,0.3534878282599787,-6.346206485293536
748,-9.992274921960792,0.1964954732006695,-6.6409005936113505
749,-9.99969095867747,0.03930881244736155,-6.929027808668978
750,-9.997218742703888,-0.11791671905427425,-7.210303214190414
751,-9.984860718705226,-0.27502564792094764,-7.484448669351364
752,-9.962629106985545,-0.4318626160726344,-7.751193083820624
753,-9.93054589140368,-0.5882725343591778,-8.010272685829095
754,-9.888642797634358,-0.7441007359212403,-8.261431283002283
755,-9.836961261796105,-0.899193129133387,-8.50442051569737
756,-9.77555238947687,-1.053396349978612,-8.73900010259531
757,-9.704476905197975,-1.2065579137031868,-8.964938078304318
758,-9.623805092366345,-1.358526365602046,-9.182011022740124
759,-9.533616723774298,-1.509151430785777,-9.390004282056408
760,-9.434000982715823,-1.6582841627806812,-9.588712180906303
761,-9.325056374797077,-1.8057770908155015,-9.777938225825856
762,-9.20689063052864,-1.9514843656486165,-9.957495299537559
763,-9.079620598795477,-2.095261903792032,-10.127205845982491
764,-8.94337213131028,-2.2369675299891263,-10.286902045897623
765,-8.79827995816431,-2.3764611178054347,-10.4364259827648
766,-8.644487554598657,-2.513604728193603,-10.575629798967544
767,-8.48214699912804,-2.6482627458950905,-10.70437584200079
768,-8.311418823156941,-2.780302013544235,-10.822536800589482
769,-8.132471852237343,-2.9095919633415663,-10.929995830580959
770,-7.94548303912446,-3.0360047461666433,-11.02664667048708
771,-7.750637288796027,-3.1594153580023536,-11.112393746561455
772,-7.54812727560801,-3.279701763545826,-11.187152267308093
773,-7.3381532527672855,-3.3967450168838442,-11.25084830732802
774,-7.120922854310274,-3.510429379113103,-11.303418880420779
775,-6.8966508897826495,-3.6206424327893867,-11.34481200186875
776,-6.665559131823736,-3.727275193092173,-11.374986739842527
777,-6.427876096865422,-3.8302222155948784,-11.393913255876576
778,-6.183836819162167,-3.929381700534269,-11.401572834375202
779,-5.9336826183762295,-4.024655593475664,-11.397957901119558
780,-5.677660860947088,-4.1159496822747235,-11.383072030757464
781,-5.416024715481923,-4.203173690239584,-11.356929943268597
782,-5.1490329024081625,-4.286241365401573,-11.319557489408547
783,-4.876949438136363,-4.365070565805936,-11.27099162514614
784,-4.600043373986143,-4.4395833407383565,-11.21128037511934
785,-4.318588530132988,-4.509706007807044,-11.140482785145771
786,-4.032863224839841,-4.575369225803924,-11.058668863834951
787,-3.7431499992401984,-4.63650806327316,-10.965919513359825
788,-3.449735337945929,-4.693062062718942,-10.862326449456246
789,-3.152909385755063,-4.744975300389288,-10.747992110729262
790,-2.8529656607405176,-4.79219644157654,-10.623029557356135
791,-2.5502007640031383,-4.834678791379988,-10.487562359286175
792,-2.2449140863757404,-4.872380340880414,-10.341724474047764
793,-1.9374075123690058,-4.905263808680838,-10.185660114283811
794,-1.6279851216509527,-4.933296677772459,-10.019523605146093
795,-1.3169528883562607,-4.956451227689275,-9.843479231690077
796,-1.004618378521719,-4.974704561919642,-9.65770107642056
797,-0.6912904459478646,-4.988038630547613,-9.462372847149208
798,-0.3772789267872061,-4.9964402481017,-9.257687695334104
799,-0.06289433316069139,-4.999901106593416,-9.043848025080633
800,0.25155245389372954,-4.99841778373267,-8.821065292993195
801,0.5657504918378795,-4.991991746311917,-8.589559799074935
802,0.879389084110589,-4.980629348755715,-8.349560468882876
803,1.192158087361695,-4.9643418268371216,-8.101304627153631
804,1.5037482181393491,-4.943145286567115,-7.845037763123264
805,1.813851358726478,-4.917060688268097,-7.58101328777404
806,2.1221608618250665,-4.886113825847129,-7.309492283247286
807,2.4283718537858445,-4.850335301289507,-7.030743244671021
808,2.7321815360846173,-4.80976049439778,-6.745041814656771
809,3.033289484746245,-4.764429527806237,-6.452670510728854
810,3.33139794742054,-4.714387227305427,-6.153918445955391
811,3.626212137816653,-4.659683077515872,-5.849081043056913
812,3.9174405272039436,-4.600371172954963,-5.5384597422761725
813,4.204795132692133,-4.536510164545224,-5.22236170329691
814,4.487991802004597,-4.468163201617068,-4.9010995015075025
815,4.766750494464238,-4.395397869463155,-4.574990818908712
816,5.040795557913227,-4.318286122506309,-4.244358129972097
817,5.309856001293172,-4.236904213146991,-3.9095283827593637
818,5.5736657626164074,-4.151332616360609,-3.5708326756176096
819,5.831963972062708,-4.061655950119439,-3.228605929771094
820,6.084495209942162,-3.9679628917175775,-2.8831865581321257
821,6.331009759268192,-3.8703460900819615,-2.534916130659796
822,6.571263852691854,-3.7689020741558608,-2.1841390365962514
823,6.805019913552509,-3.6637311574457057,-1.8312021439155135
824,7.032046790806814,-3.554937338825524,-1.4764544563211732
825,7.252119987603962,-3.4426281996969665,-1.120246768131766
826,7.4650218832805,-3.326914797606908,-0.7629313173960837
827,7.670541948555981,-3.207911556427445,-0.4048614375802151
828,7.868476953715885,-3.085736153207286,-0.046391208171995046
829,8.058631169576667,-2.960509401806022,0.3121248954528282
830,8.240816561033633,-2.832355133426678,0.6703323525555227
831,8.414852973000484,-2.7014000741645496,1.027876947604149
832,8.580568308556867,-2.5677737196932644,1.3844051205419312
833,8.737798699127271,-2.4316082072123466,1.7395643164068648
834,8.886388666523539,-2.2930381847824743,2.0930033339580225
835,9.02619127669033,-2.1522006781780014,2.4443726729628277
836,9.157068285001676,-2.0092349553882736,2.793324879802281
837,9.278890272965086,-1.864282388901552,3.1395148910527664
838,9.391536776197666,-1.7174863159081322,3.4826003747037286
839,9.494896403548129,-1.5689918965603997,3.822242068674972
840,9.588866947246489,-1.418945970430498,4.158104116297646
841,9.673355483972891,-1.2674969113070447,4.489854398428344
842,9.748278466745337,-1.1147944804748973,4.817164861866921
843,9.813561807535589,-0.9609896786228832,5.139711843753722
844,9.869140950531598,-0.8062345965257702,5.457176391625731
845,9.914960935973843,-0.6506822646485548,5.769244578814291
846,9.950976454502658,-0.49448650182125525,6.075607814873602
847,9.977151891962613,-0.33780176313440574,6.375963150731899
848,9.993461364619806,-0.18078298720511646,6.670013578264656
849,9.99988874475714,-0.02358544296517157,6.957468323992689
850,9.9964276766223,0.13363542387750552,7.238043136615119
851,9.983081582712682,0.29072414455237067,7.511460568093145
852,9.959863660391047,0.44752538096231703,7.777450248005903
853,9.926796868835204,0.6038840792907999,8.035749150908082
854,9.883913906334733,0.7596456233275649,8.28610185642393
855,9.83125717795705,0.9146559873619129,8.528260801821379
856,9.76887875361493,1.068761888491868,8.761986526815813
857,9.696840316576885,1.2218109381988171,8.987047910361689
858,9.615213102471259,1.3736517930379066,9.203222399198113
859,9.524077828844524,1.524134304294751,9.41029622792172
860,9.4235246153432,1.6731096664609855,9.608064630370016
861,9.313652894598551,1.820430564381407,9.796332042105519
862,9.19457131390207,1.9659513189273758,9.974912293800726
863,9.066397627768902,2.1095280310525877,10.143628795332889
864,8.9292585814957,2.2510187240883504,10.302314710406021
865,8.783289785827694,2.3902834841381737,10.450813121528098
866,8.628635582859326,2.527184598432309,10.588977185179685
867,8.46544890330063,2.661586691505941,10.716670277021134
868,8.29389111525084,2.7933568590659497,10.833766126994298
869,8.11413186462868,2.9223647994140585,10.940148944185381
870,7.926348907416859,3.048482942296527,11.03571353132555
871,7.7307279338871995,3.171586575052625,11.120365388815765
872,7.527462384979557,3.2915539659375885,11.194020808173349
873,7.316753261016804,3.4082664844976533,11.25660695480754
874,7.098808922944317,3.521608718878566,11.30806194004244
875,6.873844886291121,3.6314685899512273,11.348334882315992
876,6.642083608056169,3.7377374621417547,11.377385957494479
877,6.403754266730274,3.8403102508564917,11.395186438252878
878,6.159092535671823,3.939085526395423,11.401718722482038
879,5.908340350059591,4.033965614251617,11.396976350694626
880,5.651745667653952,4.124856691697143,11.380964012412623
881,5.389562223602201,4.211668880560297,11.353697541530074
882,5.122049279531162,4.294316336102124,11.315203900655638
883,4.84947136717491,4.372717331904462,11.265521154450468
884,4.5720980267908065,4.446794340685647,11.20469843198773
885,4.290203540623294,4.516474110963754,11.132795878171065
886,4.00406666167805,4.581687739491813,11.049884594259897
887,3.7139703380757068,4.642370739393123,10.956046567560616
888,3.420201433256727,4.698463103929535,10.85137459035287
889,3.123050442314916,4.749909365839431,10.735972168131418
890,2.8228112047397524,4.796658652186846,10.609953417254149
891,2.519780613851268,4.838664734667492,10.473442952097372
892,2.2142583232156223,4.875886075321858,10.326575761830279
893,1.9065464503306915,4.908285867610286,10.169497076929998
894,1.5969492778755203,4.935832072809326,10.002362225569652
895,1.2857729528187278,4.958497451693401,9.825336480021232
896,0.9733251836830472,4.976259591470495,9.638594893225022
897,0.6599149362662411,4.989100927945152,9.442322125687644
898,0.3458521281181889,4.997008762886956,9.236712262879253
899,0.03144732207739444,4.999975276587229,9.021968623311189
900,-0.28298858083113504,4.997997535591609,8.798303557483102
901,-0.5971446488320734,4.9910774956008055,8.565938237898997
902,-0.9107102268663678,4.9792219995366995,8.325102440359602
903,-1.2233752437845522,4.962442770775676,8.07603431674703
904,-1.5348305189621279,4.940756401555901,7.818980159527132
905,-1.844768068034909,4.914184336569975,7.554194158201518
906,-2.1528814074508738,4.88275285175925,7.281938147951038
907,-2.458865857538459,4.846493028330682,7.002481350718307
908,-2.7624188437907202,4.805440722022017,6.716100108986127
909,-3.063240196067797,4.759636527645639,6.4230776125146924
910,-3.3610324454221425,4.709125738946128,6.1237036183075295
911,-3.6555011182521584,4.653958303811317,5.818274164083859
912,-3.9463550274943953,4.594188774880983,5.507091275539693
913,-4.233306560565318,4.529876255602206,5.190462667688248
914,-4.516071963768911,4.461084341784528,4.868701440573913
915,-4.794371622888077,4.387881058712893,4.5421257696615545
916,-5.067930339682691,4.310338793880467,4.211058591206957
917,-5.3364776040212085,4.228534225407785,3.8758272829191673
918,-5.599747861375927,4.14254824621922,3.536763340231447
919,-5.857480775418354,4.0524658840514745,3.1942020484998057
920,-6.109421485454208,3.9583762173734356,2.848482151454239
921,-6.3553208584438075,3.8603722873004447,2.4999455162301363
922,-6.594935735358942,3.7585510055899736,2.148936795310692
923,-6.828029171631863,3.6530130588099565,1.795803085715617
924,-7.054370671459519,3.5438628087741977,1.4408935857718923
925,-7.273736415730465,3.4312081893436797,1.084559249807298
926,-7.485909483349875,3.315160599695451,0.7271524411068997
927,-7.690680065743151,3.195834794164935,0.3690265834766775
928,-7.887845674326288,3.0733487687704786,0.010535811758459523
929,-8.077211340738055,2.947823644532206,-0.34796537835866825
930,-8.25858980963541,2.8193835477009044,-0.7061224808831597
931,-8.431801723862215,2.6881554870149427,-1.0635813300766541
932,-8.596675801807436,2.5542692281070565,-1.4199884506725038
933,-8.753049006778108,2.417857165184742,-1.7749914074121396
934,-8.900766708219049,2.2790541901115176,-2.1282391535526015
935,-9.039682834620143,2.1379975590183644,-2.479382378001044
936,-9.169660017960124,1.994826756577091,-2.8280738507333236
937,-9.290569729543614,1.849683358070233,-3.1739687661541103
938,-9.402292407097585,1.7027108893933753,-3.5167250840602335
939,-9.504717573001106,1.5540546851288704,-3.8560038678688073
940,-9.597743943531878,1.4038617448307682,-4.191469619776932
941,-9.681279529021182,1.2522805876635048,-4.522790612520518
942,-9.755241724818378,1.099461105537908,-4.84963921740463
943,-9.819557392975062,0.9455544148895912,-5.171692228281279
944,-9.874162934567885,0.7907127072467214,-5.48863118115342
945,-9.919004352588768,0.6350890987344009,-5.800142669090215
946,-9.954037305340123,0.4788374786650345,-6.105918652141024
947,-9.97922715028243,0.32211235736386296,-6.405656761942748
948,-9.994548978290693,0.16506871338057982,-6.6990606007184414
949,-9.999987638285974,0.007861840237942626,-6.985840034371885
950,-9.99553775221764,-0.1493528071312564,-7.265711479388609
951,-9.981203720381465,-0.3064197661065647,-7.538398183258843
952,-9.956999717068381,-0.4631837201101122,-7.803630498146069
953,-9.922949676548141,-0.6194896521922612,-8.061146147529769
954,-9.879087269401786,-0.7751829983209677,-8.310690485558993
955,-9.825455869226282,-0.9301098002234486,-8.552016748860606
956,-9.762108509744303,-1.0841168576285771,-8.78488630055245
957,-9.6891078323615,-1.2370518797600034,-9.009068866221057
958,-9.60652602422322,-1.3887636359296371,-9.2243427616296
959,-9.514444746831781,-1.5391021050831162,-9.430495111931856
960,-9.412955055295042,-1.6879186241489483,-9.627322062174636
961,-9.30215730828606,-1.8350660350448067,-9.814628978880894
962,-9.182161068802749,-1.980398830195774,-9.992230642514318
963,-9.053084995825984,-2.123773296420222,-10.159951430634589
964,-8.915056726982847,-2.265047657041563,-10.317625491562804
965,-8.768212752331552,-2.40408221208481,-10.465096908384744
966,-8.612698279392331,-2.540739476419826,-10.602219853130318
967,-8.448667089558192,-2.6748843157142472,-10.72885873097638
968,-8.276281386027335,-2.8063840800618083,-10.84488831433039
969,-8.095711633407452,-2.9351087351540843,-10.950193866662568
970,-7.90713638915096,-3.0609309908655535,-11.044671255963667
971,-7.710742126987257,-3.183726427125297,-11.128227057716614
972,-7.506723052527264,-3.3033736169503958,-11.200778647279797
973,-7.295280911221917,-3.419754246519812,-11.262254281591002
974,-7.076624788865063,-3.5327532321696524,-11.312593170110919
975,-6.850970904837839,-3.6422588341942905,-11.35174553493621
976,-6.618542398298696,-3.7481627673409057,-11.379672660022717
977,-6.379569107531147,-3.8503603078878945,-11.396346929470013
978,-6.13428734266663,-3.9487503972016254,-11.401751854829566
979,-5.8829396520080754,-4.043235741668766,-11.395882091409431
980,-5.625774582184409,-4.133722908905719,-11.37874344355938
981,-5.363046432373846,-4.220122420149745,-11.350352858931233
982,-5.095015002838767,-4.302348838740528,-11.310738411720088
983,-4.821945338020495,-4.380320854604786,-11.259939274902962
984,-4.544107464448805,-4.453961364660134,-11.198005681502405
985,-4.261776123724398,-4.52319754905898,-11.124998874913242
986,-3.9752305008391566,-4.587960943196827,-11.040991048341697
987,-3.68475394810254,-4.648187505413878,-10.946065273416757
988,-3.390633704946775,-4.703817680323051,-10.840315418044234
989,-3.093160613888726,-4.75479645770162,-10.723846053585026
990,-2.7926288329283184,-4.801073426888445,-10.596772351449024
991,-2.489335544668949,-4.842602826632795,-10.459219969207297
992,-2.183580662446502,-4.879343590345675,-10.311324926334766
993,-1.875666533758399,-4.911259386708738,-10.153233469706608
994,-1.5658976412856196,-4.938318655600713,-9.985101928981218
995,-1.2545803018029833,-4.960494639305841,-9.807096562012603
996,-0.9420223632763004,-4.977765408973371,-9.61939339044548
997,-0.628532900444837,-4.990113886302055,-9.422178025655084
998,-0.3144219091912387,-4.997527860428107,-9.215645485204458
999,-1.2246467991473532e-14,-5.0,-9.000000000000009
